vid,name,country
2948,Nabil Fekir,France
2950,Jonas Martin,France
2961,Yann Bodiger,France
2995,Ángel Di María,Argentina
3023,Yuri Berchiche,Spain
3040,Tomer Hemed,Israel
3042,Mikel Merino,Spain
3052,Pablo Zabaleta,Argentina
3058,Javier Hernández Balcázar,Mexico
3063,Danilo,Brazil
3064,David Silva,Spain
3084,Christian Atsu,Ghana
3087,Yaya Touré,Côte d'Ivoire
3090,Nicolás Otamendi,Argentina
3093,Florian Grégoire Claude Lejeune,France
3095,Bruno Saltor,Spain
3109,Malcom,Brazil
3122,Yannis Salibur,France
3130,Gaël Kakuta,"Congo, (Kinshasa)"
3139,Chidozie Awaziem,Nigeria
3141,André Zambo Anguissa,Cameroon
3150,Jaroslav Plašil,Czech Republic
3160,Rene Krhin,Slovenia
3163,Mariano Díaz,Dominican Republic
3165,Emmanuel Rivière,Martinique
3181,Lass Diarra,France
3218,Rony Lopes,Portugal
3236,Sergi Darder,Spain
3237,Sergio Agüero,Argentina
3240,Mat Ryan,Australia
3245,Thomas Lemar,France
3246,Guido Carrillo,Argentina
3253,Adil Rami,France
3265,Joselu,Spain
3269,Kiko Femenía,Spain
3272,Oriol Romeu,Spain
3290,Federico Fernández,Argentina
3292,Abdoulaye Doucouré,Mali
3294,Juan Mata,Spain
3302,Nordin Amrabat,Morocco
3308,Kieran Trippier,England
3313,Giovani Lo Celso,Argentina
3324,Eric Bailly,Côte d'Ivoire
3333,David de Gea,Spain
3362,Marlon,Brazil
3366,Diego Carlos,Brazil
3379,Alphonse Areola,France
3385,Alexis Sánchez,Chile
3389,Eliaquim Mangala,France
3406,Jérémy Toulalan,France
3416,Gabriel Silva,Brazil
3417,Saidy Janko,Gambia
3434,Stevan Jovetić,Montenegro
3437,Francis Joseph Coquelin,France
3445,Falcao,Colombia
3457,Michy Batshuayi,Belgium
3477,Álvaro Morata,Spain
3478,Cesc Fàbregas,Spain
3486,Fernando Llorente,Spain
3496,Mesut Özil,Germany
3497,Vicente Iborra,Spain
3498,Nacho Monreal,Spain
3501,Philippe Coutinho,Brazil
3508,Sandro Ramírez,Spain
3509,Thibaut Courtois,Belgium
3513,Oliver Burke,Scotland
3515,Alberto Moreno,Spain
3551,Karl Toko Ekambi,Cameroon
3553,Lacina Traoré,Côte d'Ivoire
3601,Charly Musonda,Belgium
3606,Ander Herrera,Spain
3610,Roque Mesa,Spain
3623,Adrián,Spain
3625,Sofiane Boufal,Morocco
3637,Grzegorz Krychowiak,Poland
3638,Shkodran Mustafi,Germany
3659,Willy Caballero,Argentina
3666,Kenedy,Brazil
3671,Leonardo Ulloa,Argentina
3672,Zlatan Ibrahimović,Sweden
3721,Étienne Capoue,France
3726,Gerard Deulofeu,Spain
3742,Orestis Karnezis,Greece
3804,Ferland Mendy,France
3810,Shinji Okazaki,Japan
3863,Ousseynou Cissé,Mali
3957,César Azpilicueta,Spain
3958,Pedro,Spain
3990,Jesé,Spain
3991,Allan Nyom,Cameroon
4041,Salomón Rondón,Venezuela (Bolivarian Republic)
4265,Oussama Tannane,Morocco
4267,Mouctar Diakhaby,Guinea
4320,Neymar,Brazil
4324,Dani Alves,Brazil
4325,Thiago Motta,Italy
4345,Lucas Ocampos,Argentina
4346,Giannelli Imbula,"Congo, (Kinshasa)"
4353,Aymeric Laporte,Spain
4367,Gonçalo Guedes,Portugal
4406,Aymen Abdennour,Tunisia
4407,Sanjin Prcić,Bosnia and Herzegovina
4409,W. Sneijder,Netherlands
4418,Dória,Brazil
4443,Paul Baysse,France
4445,Jules Koundé,France
4447,Martin Braithwaite,Denmark
4498,Jean-Sylvain Babin,Martinique
4546,Dimitri Foulquier,Guadeloupe
4547,Ludovic Butelle,France
4551,Omer Atzili,Israel
4558,Pape Diop,Senegal
4629,Ramiro Funes Mori,Argentina
4691,Claudio Bravo,Chile
4711,Pablo Hernández,Spain
4712,Samuel Sáiz,Spain
4740,Dani Pinillos,Spain
4741,Juan Rafael Fuentes,Spain
4788,Jesús Gámez,Spain
4891,Ibrahim Afellay,Netherlands
4909,Jérémie Boga,Côte d'Ivoire
4913,Bojan,Spain
4926,Isco,Spain
5109,Paulo Gazzaniga,Argentina
5186,Denis Cheryshev,Russia
5194,Fyodor Smolov,Russia
5198,Diego Costa,Spain
5199,Koke,Spain
5200,Lucas Vázquez,Spain
5201,Sergio Ramos,Spain
5202,Nacho,Spain
5203,Sergio Busquets,Spain
5207,Cristiano Ronaldo,Portugal
5208,Thiago Alcântara,Spain
5211,Jordi Alba,Spain
5213,Gerard Piqué,Spain
5214,William Carvalho,Portugal
5216,Andrés Iniesta,Spain
5217,Iago Aspas,Spain
5218,André Silva,Portugal
5238,Masoud Shojaei,"Iran, Islamic Republic of"
5246,Luis Suárez,Uruguay
5248,Martín Cáceres,Uruguay
5249,Diego Godín,Uruguay
5256,Cristian Rodríguez,Uruguay
5259,José Giménez,Uruguay
5266,Lucas Torreira,Uruguay
5456,Mateo Kovačić,Croatia
5458,Odion Ighalo,Nigeria
5461,Šime Vrsaljko,Croatia
5463,Luka Modrić,Croatia
5466,Peter Etebo,Nigeria
5470,Ivan Rakitić,Croatia
5472,Mario Mandžukić,Croatia
5477,Ousmane Dembélé,France
5484,Lucas Hernandez,France
5485,Raphaël Varane,France
5487,Antoine Griezmann,France
5492,Samuel Umtiti,France
5497,Gonzalo Higuaín,Argentina
5503,Lionel Messi,Argentina
5504,Éver Banega,Argentina
5506,Javier Mascherano,Argentina
5513,Eduardo Salvio,Argentina
5514,Alfred Finnbogason,Iceland
5516,Pione Sisto,Denmark
5519,Christian Cueva,Peru
5521,Luis Advíncula,Peru
5523,Renato Tapia,Peru
5534,Simon Kjær,Denmark
5537,Fabian Schär,Switzerland
5539,Casemiro,Brazil
5542,Paulinho,Brazil
5543,Haris Seferović,Switzerland
5551,João Miranda de Souza Filho,Brazil
5552,Marcelo,Brazil
5556,Miguel Layún,Mexico
5558,Rafael Márquez,Mexico
5560,Carlos Vela,Mexico
5563,Andrés Guardado,Mexico
5566,Sami Khedira,Germany
5568,Raúl Jiménez,Mexico
5573,Héctor Moreno,Mexico
5574,Toni Kroos,Germany
5575,Héctor Herrera,Mexico
5577,Guillermo Ochoa,Mexico
5581,Joel Campbell,Costa Rica
5582,Celso Borges,Costa Rica
5588,Antonio Rukavina,Serbia
5597,Keylor Navas,Costa Rica
5598,Óscar Duarte,Costa Rica
5601,Vladimir Stojković,Serbia
5628,José Rodríguez,Panama
5633,Yannick Carrasco,Belgium
5671,Alfred N'Diaye,Senegal
5674,Moussa Wagué,Senegal
5678,Jefferson Lerma,Colombia
5685,Carlos Sánchez,Colombia
5687,Takashi Inui,Japan
5688,Carlos Bacca,Colombia
5691,Johan Mojica,Colombia
5693,Gaku Shibasaki,Japan
5695,James Rodríguez,Colombia
5696,Santiago Arias,Colombia
5718,Rodrigo,Spain
5719,Marco Asensio Willemsen,Spain
5721,Daniel Carvajal,Spain
5723,Gelson Martins,Portugal
5724,Fayçal Fajr,Morocco
5725,Mehdi Carcela-González,Morocco
5737,Steven Nzonzi,France
5741,Enzo Pérez,Argentina
5742,Gabriel Mercado,Argentina
5830,Kenneth Omeruo,Nigeria
5987,Giovani dos Santos,Mexico
6038,John Guidetti,Sweden
6192,Abel Aguilar,Colombia
6196,Yerry Mina,Colombia
6297,Maxi Gómez,Uruguay
6301,Youssef En-Nesyri,Morocco
6310,Filip Bradarić,Croatia
6319,Luka Jović,Serbia
6320,Filipe Luis,Brazil
6330,Adnan Januzaj,Belgium
6332,Thomas Vermaelen,Belgium
6334,Luis Muriel,Colombia
6349,Federico Fazio,Argentina
6350,Manuel Fernandes,Portugal
6351,Cristhian Stuani,Uruguay
6356,Michael Krohn-Dehli,Denmark
6357,Jonathan dos Santos,Mexico
6360,Cristián Zapata,Colombia
6374,Nélson Semedo,Portugal
6375,Juanfran,Spain
6376,Stefan Savić,Montenegro
6377,Ángel Correa,Argentina
6378,Jan Oblak,Slovenia
6379,Sergi Roberto,Spain
6381,Saúl Ñíguez,Spain
6382,Fernando Torres,Spain
6383,Thomas Partey,Ghana
6384,Gabi,Spain
6386,Eneko Bóveda,Spain
6387,Iñigo Córdoba,Spain
6388,Ander Iturraspe,Spain
6389,Mikel San José,Spain
6390,Markel Susaeta,Spain
6391,Raúl García,Spain
6392,Iñigo Lekue,Spain
6393,Iñaki Williams,Ghana
6394,Aritz Aduriz,Spain
6395,Kepa,Spain
6396,Beñat Etxebarria,Spain
6397,Unai Núñez,Spain
6399,Gareth Bale,Wales
6400,Aleix Vidal,Spain
6401,Kévin Gameiro,France
6402,Paco Alcácer,Spain
6557,Adrián González,Spain
6558,Álex Mula,Spain
6559,Juan Carlos,Spain
6560,Marc Muniesa,Spain
6561,Luis Hernández,Spain
6563,Juanpi,Venezuela (Bolivarian Republic)
6564,Pablo Maffeo,Spain
6565,Pere Pons,Spain
6566,Borja Bastón,Spain
6567,Borja García,Spain
6569,Roberto Rosales,Venezuela (Bolivarian Republic)
6570,Álex Granell,Spain
6571,Roberto Jiménez,Spain
6572,Juanpe,Spain
6573,Bernardo Espinosa,Colombia
6574,Douglas Luiz,Brazil
6575,Emanuel Cecchini,Argentina
6576,Gorka Iraizoz,Spain
6578,Aday Benítez,Spain
6579,Pedro Alcalá,Spain
6580,Recio,Spain
6581,Jony,Spain
6582,Portu,Spain
6583,Carlos Soler,Spain
6584,Simone Zaza,Italy
6585,Jeison Murillo,Colombia
6586,Nacho Gil,Spain
6587,Toni Lato,Spain
6589,Geoffrey Kondogbia,Central African Republic
6590,Neto,Brazil
6591,Nacho Vidal,Spain
6592,Rúben Vezo,Portugal
6593,Martín Montoya,Spain
6594,Santi Mina,Spain
6595,Dani Parejo,Spain
6596,José Gayá,Spain
6597,Gabriel,Brazil
6598,Unai Bustinza,Spain
6599,Rubén Pérez,Spain
6600,Claudio Beauvue,Guadeloupe
6601,Raúl García,Spain
6602,Miguel Ángel Guerrero,Spain
6603,Dimitrios Siovas,Greece
6604,Darko Brašanac,Serbia
6605,Joseba Zaldúa,Spain
6606,Javi Eraso,Spain
6607,Omar Ramos,Spain
6608,Nabil El Zhar,Morocco
6609,Denis Suárez,Spain
6610,Pichu,Spain
6611,Ángel Rodríguez,Spain
6612,Rubén Duarte,Spain
6613,Rubén Sobrino,Spain
6614,Alexis Ruano,Spain
6615,Víctor Laguardia,Spain
6616,Munir El Haddadi,Morocco
6617,Ibai Gómez,Spain
6618,Martín Aguirregabiria,Spain
6619,Vitorino Antunes,Portugal
6620,Dani Pacheco,Spain
6621,Amath Ndiaye,Senegal
6622,Tomás Pina,Spain
6623,Loïc Rémy,France
6624,Burgui,Spain
6625,Vicente Guaita,Spain
6626,Mubarak Wakaso,Ghana
6627,Damián Suárez,Uruguay
6628,Óscar Romero,Paraguay
6629,Fernando Pacheco,Spain
6630,Jorge Molina,Spain
6631,Mathieu Flamini,France
6632,Manu García,Spain
6633,Markel Bergara,Spain
6634,Djene Dakonam,Togo
6635,Leandro Cabrera,Uruguay
6636,Rodrigo Ely,Brazil
6646,Riza Durmisi,Denmark
6647,Zouhair Feddal,Morocco
6648,Aïssa Mandi,Algeria
6649,De Marcos,Spain
6651,Joaquín,Spain
6652,Jordi Amat,Spain
6654,Antonio Adán,Spain
6655,Fabián Ruiz,Spain
6656,Mikel Rico,Spain
6657,Sergio León,Spain
6658,Cristian Tello,Spain
6659,Víctor Camarasa,Spain
6660,Enric Saborit,Spain
6661,Ryad Boudebouz,Algeria
6662,Iago Herrerín,Spain
6663,Antonio Barragán,Spain
6665,Íñigo Martínez,Spain
6666,Sabin Merino,Spain
6667,Mikel Vesga,Spain
6668,José Luis Morales,Spain
6669,David Zurutuza,Spain
6670,Andoni Gorosabel,Spain
6671,Asier Illarramendi,Spain
6672,Coke,Spain
6673,Sergio Canales,Spain
6674,Alberto de la Bella,Spain
6675,Antonio Luna,Spain
6676,Igor Zubeldía,Spain
6677,Imanol Agirretxe,Spain
6678,Emmanuel Boateng,Ghana
6679,Aritz Elustondo,Spain
6680,Rubén Rochina,Spain
6681,Chema,Spain
6682,Sergio Postigo,Spain
6683,Cheick Doukouré,Côte d'Ivoire
6684,Roger Martí,Spain
6685,Mikel Oyarzabal,Spain
6687,Saša Lukić,Serbia
6688,José Campaña,Spain
6689,Álvaro Odriozola,Spain
6690,Xabi Prieto,Spain
6691,Jason,Spain
6692,Oier Olazábal,Spain
6693,Raúl Navas,Spain
6694,Gero Rulli,Argentina
6695,Juanmi,Spain
6697,Dani Ceballos,Spain
6698,Marko Dmitrović,Serbia
6699,Ander Capa,Spain
6700,Sergi Enrich,Spain
6701,Joan Jordán,Spain
6702,David Lombán,Spain
6703,Christian Rivera,Spain
6704,Theo Hernández,France
6705,Cote,Spain
6706,Kiko Casilla,Spain
6707,Charles,Brazil
6708,Paulo Oliveira,Portugal
6709,Anaitz Arbilla,Spain
6710,Rubén Peña,Spain
6711,Kike,Spain
6712,Gonzalo Escalante,Argentina
6713,Diego Llorente,Spain
6714,Ganso,Brazil
6715,Guido Pizarro,Argentina
6716,Sébastien Corchia,France
6717,Johannes Geis,Germany
6718,Sergio Escudero,Spain
6719,Franco Vázquez,Argentina
6720,Pablo Sarabia,Spain
6721,Willian José,Brazil
6722,David Soria,Spain
6723,Wissam Ben Yedder,France
6724,Nolito,Spain
6725,Zakaria Bakkali,Belgium
6726,Enzo Zidane,France
6727,Raúl Albentosa,Spain
6728,Fede Cartabia,Argentina
6729,Guilherme,Brazil
6730,Rubén Martínez,Spain
6731,Florin Andone,Romania
6732,Lucas Pérez,Spain
6733,Pedro Mosquera,Spain
6734,Luisinho,Portugal
6735,Adrián López,Spain
6736,Álvaro Medrán,Spain
6737,Alfonso Pedraza,Spain
6738,Juanfran,Spain
6739,Diego Rolán,Uruguay
6740,Chory Castro,Uruguay
6741,Ignasi Miquel,Spain
6742,Keko,Spain
6743,Manuel Iturra,Chile
6744,Luciano Vietto,Argentina
6745,Mehdi Lacen,Algeria
6746,Gabriel Paulista,Brazil
6748,Ferrán Torres,Spain
6749,Diego González,Spain
6751,Javi Fuego,Spain
6752,Víctor Ruíz,Spain
6753,Dani Raba,Spain
6754,David López,Spain
6755,Sergio Asenjo,Spain
6756,Marc Navarro,Spain
6757,Aarón Martín,Spain
6758,Víctor Sánchez,Spain
6759,Roberto Soriano,Italy
6760,Enes Ünal,Turkey
6761,Léo Baptistão,Brazil
6762,Álvaro González,Spain
6763,Pablo Piatti,Argentina
6764,Pablo Fornals,Spain
6765,Rodri,Spain
6766,Gerard Moreno,Spain
6767,Sergio García,Spain
6768,Diego López,Spain
6769,Naldo,Brazil
6770,Esteban Granero,Spain
6771,Manu Trigueros,Spain
6772,Mario Gaspar,Spain
6773,Federico Valverde,Uruguay
6774,Borja Valle,Spain
6775,Dani García,Spain
6776,David Juncà,Spain
6777,Sidnei,Brazil
6778,Iván Ramis,Spain
6779,Emre Çolak,Turkey
6780,Ivi López,Spain
6781,Raúl Fernández,Spain
6782,Enis Bardhi,"Macedonia, Republic of"
6783,Samu,Spain
6784,Toño,Spain
6785,Yassine Bounou,Morocco
6786,David Timor,Spain
6787,Pedro López,Spain
6788,Xabier Etxeita,Spain
6789,Mikel Balenziaga,Spain
6790,Mario Hermoso,Spain
6791,Javi López,Spain
6792,Pau López,Spain
6794,Gustavo Cabral,Argentina
6795,Rubén Blanco,Spain
6796,Nemanja Radoja,Serbia
6797,Daniel Wass,Denmark
6798,Stanislav Lobotka,Slovakia
6799,Brais Méndez,Spain
6800,Carles Gil,Spain
6801,Pablo Hernández,Chile
6802,Jonny Castro,Spain
6803,Emre Mor,Turkey
6804,Sergi Gómez,Spain
6805,Hugo Mallo,Spain
6806,Shaq Moore,United States of America
6807,Rober,Spain
6808,Nano,Spain
6809,Erick Cabaco,Uruguay
6810,José Arnáiz,Spain
6821,Jesús Navas,Spain
6822,Joaquín Correa,Argentina
6823,Sergio Rico,Spain
6824,Lionel Carole,France
6825,Daniel Carriço,Portugal
6826,Clément Lenglet,France
6827,Daniele Bonera,Italy
6828,Jaume Costa,Spain
6829,Samu Castillejo,Spain
6830,Facundo Roncaglia,Argentina
6831,Francis Guerrero,Spain
6832,Rubén Castro,Spain
6833,Martín Mantovani,Argentina
6834,Gerard Gumbau,Spain
6835,Alin Toșca,Romania
6836,Javi García,Spain
6837,Mauro dos Santos,Argentina
6838,Hernán Pérez,Paraguay
6839,Dani Torres,Colombia
6840,Marcos Llorente,Spain
6841,Vitolo,Spain
6842,Iker Muniain,Spain
6843,Esteban Rolón,Argentina
6844,Federico Ricca,Uruguay
6845,Ager Aketxe,Spain
6846,Andreas Pereira,Brazil
6847,Adalberto Peñaranda,Venezuela (Bolivarian Republic)
6848,Andrés Prieto,Spain
6849,Lucas Digne,France
6851,Aitor Ruibal,Spain
6852,Jozabed Sánchez,Spain
6854,Ramiro Guerra,Uruguay
6855,Guillermo Maripán,Chile
6856,Carlos Vigaray,Spain
6857,Rúben Semedo,Portugal
6858,Sergio Mora,Spain
6859,Nicola Sansone,Italy
6860,Mariano Barbosa,Argentina
6861,Juan Cala,Spain
6862,Cédric Bakambu,"Congo, (Kinshasa)"
6863,Mauro Arambarri,Uruguay
6864,Álvaro Jiménez,Spain
6865,Francisco Molinero,Spain
6866,Marc Roca,Spain
6867,Pape Diop,Senegal
6868,Bruno Gama,Portugal
6869,Alejandro Arribas,Spain
6870,José Jurado,Spain
6872,Bruno González,Spain
6873,Francisco Portillo,Spain
6874,Ermedin Demirović,Bosnia and Herzegovina
6875,Alexander Szymanowski,Argentina
6876,Róbert Mazáň,Slovakia
6877,Yeray Álvarez,Spain
6878,Miguel Torres,Spain
6879,Alberto Bueno,Spain
6880,Antonio Sanabria,Paraguay
6881,Christian Santos,Venezuela (Bolivarian Republic)
6883,Álex Alegría,Spain
6884,Sergio Álvarez,Spain
6885,Kévin Rodrigues,Portugal
6886,Dídac Vilá,Spain
6887,Jonás Ramalho,Angola
6888,Aleix García,Spain
6889,Chuca,Spain
6890,Andreu Fontàs,Spain
6891,Ezequiel Garay,Argentina
6892,Pau Torres,Spain
6893,Jesús Vallejo Lázaro,Spain
6894,Ezequiel Muñoz,Argentina
6895,Diego Rico,Spain
6896,Marlos Moreno,Colombia
6897,Michael Olunga,Kenya
6898,Jaume Doménech,Spain
6899,Rubén Pardo,Spain
6900,Rafa Navarro,Spain
6901,Nemanja Maksimović,Serbia
6902,Óscar Melendo,Spain
6903,Aleksandar Katai,Serbia
6904,Sergio Sánchez,Spain
6906,Jon Bautista,Spain
6907,Pedro León,Spain
6908,Iván Alejo,Spain
6909,Emiliano Martínez,Argentina
6910,Edu Expósito,Spain
6913,Fernando Navarro,Spain
6914,Tito,Spain
6918,Isaac Success,Nigeria
6919,Guilherme Arana,Brazil
6920,Alberto Aquilani,Italy
6921,Matías Aguirregaray,Uruguay
6922,Míchel,Brazil
6923,Ximo Navarro,Spain
6924,Alejandro Gálvez,Spain
6925,Jairo Samperio,Spain
6926,Alen Halilović,Croatia
6927,David García,Spain
6928,Tana,Spain
6929,Vicente Gómez,Spain
6930,Jonathan Calleri,Argentina
6931,Leandro Chichizola,Argentina
6932,Dani Castellano,Spain
6934,Momo,Spain
6935,Adrián Marín,Spain
6936,Erik Expósito,Spain
6947,Miralem Pjanić,Bosnia and Herzegovina
6982,Maxime Gonalons,France
6997,Borja Valero,Spain
6998,Rafinha,Brazil
7005,João Cancelo,Portugal
7006,Papu Gómez,Argentina
7022,Suso,Spain
7029,José Callejón,Spain
7030,Raúl Albiol,Spain
7033,Nikola Kalinić,Croatia
7034,Mateo Musacchio,Argentina
7040,Marko Rog,Croatia
7055,Stefano Sorrentino,Italy
7062,Adrián Diéguez,Spain
7063,Jefferson Montero,Ecuador
7064,Lucas Boyé,Argentina
7068,Marc Bartra,Spain
7069,Miguel Ángel Moyá,Spain
7104,Mathías Olivera,Uruguay
7105,Fabián Orellana,Chile
7125,Khouma Babacar,Senegal
7141,Giuseppe Rossi,Italy
7154,Sebastián Cristóforo,Uruguay
7158,Cristiano Biraghi,Italy
7161,Germán Pezzella,Argentina
7170,Simone Verdi,Italy
7183,El Hacen,Mauritania
7216,Zakarya Bergdich,Morocco
7321,Liassine Cadamuro,Algeria
7361,Pablo Chavarría,Argentina
7428,Alexandre Coeff,France
7456,Diego Perotti,Argentina
7459,Jawad El Yamiq,Morocco
7468,Iago Falqué,Spain
7469,Salvatore Sirigu,Italy
7476,Emiliano Moretti,Italy
7478,Álex Berenguer,Spain
7577,Carles Planas,Spain
7578,Anthony Lozano,Honduras
7621,Hugo Duro,Spain
7669,Marquitos,Spain
7692,Mauricio Lemos,Uruguay
7699,Daniele Verde,Italy
7701,Franco Zuculini,Argentina
7781,Felipe Caicedo,Ecuador
7782,Luis Alberto,Spain
7788,Ciro Immobile,Italy
7797,Rodrigo De Paul,Argentina
7804,Alberto Brignoli,Italy
7897,Cifu,Spain
7900,Bebé,Cape Verde
7904,Javi Castellano,Spain
7905,Raúl Lizoáin,Spain
7906,David Simón,Spain
7907,Pedro Bigas,Spain
7909,Nicolás Pareja,Argentina
7910,Loren Morón,Spain
7914,Sulley Muntari,Ghana
7922,Kelechi Nwakali,Nigeria
7948,Marco Andreolli,Italy
8000,Bartlomiej Pawłowski,Poland
8060,Klaas-Jan Huntelaar,Netherlands
8068,Maximilian Wöber,Austria
8097,Maksym Koval,Ukraine
8099,Hernán Toledo,Argentina
8118,Frenkie de Jong,Netherlands
8136,Toni Moya,Spain
8167,Sergio Araujo,Argentina
8170,Toño,Spain
8193,Maxi López,Argentina
8204,Borja Herrera,Spain
8206,Arturo Vidal,Chile
8218,Arjen Robben,Netherlands
8234,Ignacio Camacho,Spain
8252,Martin Ødegaard,Norway
8264,Adnane Tighadouini,Morocco
8281,Nani,Portugal
8404,Eugen Polanski,Poland
8419,Duje Čop,Croatia
8420,Luca Cigarini,Italy
8440,Aythami Artiles,Spain
8512,Franco Di Santo,Argentina
8522,Bruma,Portugal
8523,Yevgen Konoplyanka,Ukraine
8540,Kenan Kodro,Bosnia and Herzegovina
8555,Pablo de Blasis,Argentina
8567,Pedro López,Spain
8572,Karim Rekik,Netherlands
8584,Jonathas,Brazil
8642,Nereo Champagne,Argentina
8651,Miguel Ángel Rubio,Spain
8652,Jasper Cillessen,Netherlands
8654,Ante Budimir,Croatia
8668,Kevin-Prince Boateng,Ghana
8675,Jonathan de Guzmán,Netherlands
8678,David Abraham,Argentina
8689,Aleksandar Sedlar,Serbia
8697,Andrés Fernández,Spain
8724,Carlos Martínez,Spain
8789,Alejandro Robles,Spain
8801,Iván López,Spain
8803,Dani Giménez,Spain
8817,Jhon Córdoba,Colombia
8818,Jorge Meré,Spain
8819,Alexander Isak,Sweden
8864,Darío Poveda,Spain
8866,Carlos Fernández,Spain
8931,Philipp Lienhart,Austria
9082,Przemysław Tytoń,Poland
9246,Patrick Ebert,Germany
9399,Javi Martínez,Spain
9403,Izet Hajrović,Bosnia and Herzegovina
9462,Jota Peleteiro,Spain
9542,Tiago Ilori,Portugal
9558,Fernando Forestieri,Italy
9747,Axel Werner,Argentina
9748,Antonio Sivera,Spain
9857,Josema Sánchez,Spain
9879,Jon Ander Serantes,Spain
9931,Hélder Costa,Angola
10037,Danilo Barbosa,Brazil
10277,Fabri,Spain
10318,Ljubomir Fejsa,Serbia
10323,Alfa Semedo,Guinea-Bissau
10325,Pizzi,Portugal
10333,Ola John,Netherlands
10476,Kolo,France
10477,Stefan Mitrović,Serbia
10488,Jon Toral,Spain
10605,Rodrigo Battaglia,Argentina
10609,Jérémy Mathieu,France
10612,Yoel,Spain
10709,Modibo Sagnan,France
10727,Răzvan Raț,Romania
10731,Gabriel Torje,Romania
10753,Erik Morán,Spain
10754,Litri,Spain
10755,Jonathan Viera,Spain
10759,Andrew Hjulsager,Denmark
10763,Asier Riesgo,Spain
10765,Koke,Spain
10798,Eliseu,Portugal
10802,André Gomes,Portugal
10805,Ricardo Carvalho,Portugal
10815,Ádám Pintér,Hungary
10817,Cenk Gönen,Turkey
10851,Licá,Portugal
10852,Miguel Cardoso,Portugal
10868,Ricardo Horta,Portugal
10881,Diogo Figueiras,Portugal
10922,Vladimír Weiss,Slovakia
11001,Roman Zozulya,Ukraine
11084,Mehmet Topal,Turkey
11094,Arda Turan,Turkey
11146,Luis Fariña,Argentina
11161,Rúben Micael,Portugal
11165,Yacine Brahimi,Algeria
11167,Felipe,Brazil
11169,Luís Martins,Portugal
11179,Iker Casillas,Spain
11212,Fábio Espinho,Portugal
11270,Eiður Guðjohnsen,Iceland
11291,Toni Suárez,Spain
11292,Pedro Porro,Spain
11293,Fernando Calero,Spain
11294,Borja Fernández,Spain
11295,Patrick Roberts,England
11296,Óscar Plano,Spain
11297,Javi Moyano,Spain
11298,Nacho Martínez,Spain
11300,Rubén Alcaraz,Spain
11301,Míchel,Spain
11302,Jordi Masip,Spain
11303,Anuar Tuhami,Morocco
11304,Kiko Olivas,Spain
11305,Raphael,Ghana
11332,Ibrahim Amadou,France
11384,Manu Morlanes,Spain
11385,Santiago Cáseres,Argentina
11386,Santi Cazorla,Spain
11388,Néstor Araujo,Mexico
11389,Fran Beltrán,Spain
11391,Borja Iglesias,Spain
11392,Arthur,Brazil
11501,Darwin Machís,Venezuela (Bolivarian Republic)
11532,Jean-Clair Todibo,France
11535,José Ángel Pozo,Spain
11536,Abdoulaye Ba,Senegal
11537,Alberto García,Spain
11538,Moreno Lopera,Spain
11539,Adri Embarba,Spain
11540,Óscar Trejo,Argentina
11541,Tomáš Vaclík,Czech Republic
11542,Javi Guerra,Spain
11543,Chechu Dorado,Spain
11550,Jaime Mata,Spain
11603,Mario Pašalić,Croatia
11634,Cristiano Piccini,Italy
11669,Gonzalo Melero,Spain
11670,David Ferreiro,Spain
11671,Cucho Hernández,Colombia
11672,Samuele Longo,Italy
11673,Álex Gallar,Spain
11674,Damián Musto,Argentina
11675,Moi Gómez,Spain
11676,Jorge Miramón,Spain
11677,Jorge Pulido,Spain
11678,Chimy Ávila,Argentina
11730,Jonathan Silva,Argentina
11744,Peru Nolaskoain,Spain
11745,Michael Santos,Uruguay
11746,Unai López,Spain
11748,Unai Simón,Spain
11775,Jefté Betancor,Spain
11813,Emiliano Buendía,Argentina
12020,Hernâni,Portugal
12021,Óliver Torres,Spain
12041,João Félix,Portugal
12063,Issam El Adoua,Morocco
12072,Pere Milla,Spain
12073,Pablo Hervías,Spain
12162,Victorien Angban,Côte d'Ivoire
12190,Patrick Twumasi,Ghana
12191,Gorka Elustondo,Spain
12192,Álvaro García,Spain
12194,Santi Comesaña,Spain
12349,Wilfried Zahibo,Central African Republic
12358,Haris Medunjanin,Bosnia and Herzegovina
12419,Lucas Torró,Spain
12509,Moussa Dembélé,France
12554,Serdar Gürler,Turkey
12555,Okay Yokuşlu,Turkey
12626,Emiliano Insúa,Argentina
12737,David Villa,Spain
12772,Víctor Vázquez,Spain
12789,Felipe Gutiérrez,Chile
13107,Sergio Álvarez,Spain
13108,Marc Cardona,Spain
13157,Ivan Marcano,Spain
13360,Quincy Promes,Netherlands
13437,Diego Váleri,Argentina
13456,Daniel Candeias,Portugal
13552,Borja Fernández,Spain
13581,Emilio Nsue,Equatorial Guinea
13597,Oriol Busquets,Spain
13599,Carles Aleñà,Spain
13614,Francesco Bardi,Italy
13620,Éder Militão,Brazil
13730,Matthieu Saunier,France
13791,Julen Guerrero,Spain
13811,José Amavisca,Spain
13817,José Francisco Molina,Spain
15071,Lilian Thuram,France
15074,Zinédine Zidane,France
15297,Mickaël Ciani,France
15381,Johann Vogel,Switzerland
15416,Jukka Raitala,Finland
15516,Thierry Henry,France
15526,Jon Dahl Tomasson,Denmark
15584,Iván Helguera,Spain
15601,Míchel Salgado,Spain
15602,Juan Carlos Valerón,Spain
15603,Agustín Aranzábal,Spain
15606,Joseba Etxeberria,Spain
15607,Raúl,Spain
15608,Ismael Urzaiz,Spain
15651,Juan Bernat,Spain
15656,Beto,Portugal
15661,David Beckham,England
15737,Sergio Lozano,Spain
15743,Henrik Larsson,Sweden
15774,Gianluca Zambrotta,Italy
15775,Fabio Cannavaro,Italy
15805,Hernán Santana,Spain
15867,Rui Fonte,Portugal
15880,Emiliano Rigoni,Argentina
15893,Víctor Rodríguez,Spain
15955,Goran Čaušić,Serbia
15959,Nenad Krstičić,Serbia
15960,Richmond Boakye,Ghana
15962,Marko Marin,Germany
16000,Ryan Donk,Suriname
16001,Garry Rodrigues,Cape Verde
16003,Fernando Reges,Brazil
16024,Roger Assalé,Côte d'Ivoire
16073,Aras Özbiliz,Armenia
16083,José Rodríguez,Spain
16093,Marc Fernández,Spain
16209,Raúl de Tomás,Spain
16210,Luca Sangalli,Spain
16212,Óscar Rodríguez,Spain
16249,Yangel Herrera,Venezuela (Bolivarian Republic)
16250,Cristian Lobato,Spain
16268,Efraín Juárez,Mexico
16298,Denis Vavro,Slovakia
16309,Joel Robles,Spain
16332,Ognjen Vranješ,Bosnia and Herzegovina
16335,Samuel Chukwueze,Nigeria
16337,Miguelón Llambrich,Spain
16338,Uche Agbo,Nigeria
16426,Wanderson Maciel Sousa Campos,Brazil
16441,Ryan Babel,Netherlands
16453,Gary Medel,Chile
16456,Enzo Roco,Chile
16478,Míchel,Spain
16489,Nemanja Gudelj,Serbia
16508,Denys Boyko,Ukraine
16538,İsmail Köybaşı,Turkey
16539,Diego Reyes,Mexico
16555,Joseph Aidoo,Ghana
16558,Alejandro Pozuelo,Spain
16567,Markus Rosenberg,Sweden
16604,Alain Nef,Switzerland
16622,Mikel González,Spain
16626,Jorge Larena,Spain
16688,Marcelo Silva,Uruguay
16718,Roland Lamah,Belgium
16723,Egor Filipenko,Belarus
17027,Sergi Guardiola,Spain
17054,Emiliano Velázquez,Uruguay
17083,Jonas,Brazil
17276,Seydou Doumbia,Côte d'Ivoire
17303,Nikola Vukčević,Montenegro
17304,Junior Firpo,Spain
17520,Federico Barba,Italy
17618,Carlos Akapo,Equatorial Guinea
17620,Marc Cucurella,Spain
17622,Jackson Martínez,Colombia
17726,Laurențiu Roșu,Romania
17730,Cosmin Contra,Romania
17797,Giovanni van Bronckhorst,Netherlands
17804,David Costas,Spain
17818,Rodri Tarín,Spain
18160,Iván Márquez,Spain
18163,Moses Simon,Nigeria
18164,Antoñito,Spain
18243,Ivan Cavaleiro,Portugal
18395,Vinícius Júnior,Brazil
18398,Omar Mascarell,Spain
18404,José Crespo,Spain
18407,José Alberto Cañas,Spain
18608,Dmytro Chygrynskiy,Ukraine
18616,Olarenwaju Kayode,Nigeria
18620,Sergio Reguilón,Spain
18721,Robert Ibáñez,Spain
18724,Sofiane Feghouli,Algeria
18783,Omenuke Mfulu,"Congo, (Kinshasa)"
18851,Stephan Andersen,Denmark
18867,Matías Nahuel,Spain
18882,Aleksandr Hleb,Belarus
18904,Matías Kranevitter,Argentina
18921,Joris Gnagnon,France
18925,Nacho Cases,Spain
18948,Hélder Barbosa,Portugal
19047,Fábio Coentrão,Portugal
19288,Martín Demichelis,Argentina
19294,Diego Milito,Argentina
19296,Mark van Bommel,Netherlands
19298,Samuel Eto'o,Cameroon
19311,David Trézéguet,France
19312,Robert Pirès,France
19331,Savo Milošević,Serbia
19346,Darko Kovačević,Serbia
19392,Juan Cámara,Spain
19396,Lluis Sastre,Spain
19431,Fernando Tissone,Argentina
19454,Ricardo Costa,Portugal
19577,Pedro Munitis,Spain
19579,Santiago Cañizares,Spain
19597,Marcos Acuña,Argentina
19668,Augusto Fernández,Argentina
19669,Nicolás Gaitán,Argentina
19677,Karim Benzema,France
19704,Gerard López,Spain
19724,Rafael van der Vaart,Netherlands
19728,Johnny Heitinga,Netherlands
19729,Ruud van Nistelrooy,Netherlands
19731,Tomáš Ujfaluši,Czech Republic
19757,Deco,Portugal
19758,Jorge Andrade,Portugal
19760,Maniche,Portugal
19761,Ricardo,Portugal
19765,Simão,Portugal
19767,Giorgios Seitaridis,Greece
19771,Angelos Basinas,Greece
19866,Maris Verpakovskis,Latvia
19888,Martin Petrov,Bulgaria
20001,Adrián Sardinero,Spain
20011,Hélder Postiga,Portugal
20014,Christoph Metzelder,Germany
20016,Pepe,Portugal
20023,Mehmet Aurélio,Turkey
20033,Luuk de Jong,Netherlands
20055,Marc-André ter Stegen,Germany
20062,Juanjo Narváez,Colombia
20063,Javi Ontiveros,Spain
20064,Miguel Lopes,Portugal
20070,Miguel Monteiro,Portugal
20073,Ebi Smolarek,Poland
20085,David Odonkor,Germany
20086,Stipe Pletikosa,Croatia
20088,Danijel Pranjić,Croatia
20101,Nihat Kahveci,Turkey
20124,Vicente Rodríguez,Spain
20125,Carles Puyol,Spain
20127,Carlos Marchena,Spain
20128,David Albelda,Spain
20129,Rubén Baraja,Spain
20130,Fernando Morientes,Spain
20131,Xavi,Spain
20132,Dani Güiza,Spain
20133,Xabi Alonso,Spain
20134,Joan Capdevila,Spain
20135,Marcos Senna,Spain
20136,Silvestre Varela,Portugal
20137,Nélson Oliveira,Portugal
20138,João Pereira,Portugal
20150,Christian Poulsen,Denmark
20169,Seydou Kéita,Mali
20176,Víctor Valdés,Spain
20177,Éric Abidal,France
20182,Vladimir Manchev,Bulgaria
20215,Álvaro Arbeloa,Spain
20253,Samir Nasri,France
20256,Grégory Coupet,France
20264,Fernando Meira,Portugal
20267,Khalid Boulahrouz,Netherlands
20269,Joris Mathijsen,Netherlands
20321,Fabio Celestini,Switzerland
20368,Alexander Kerzhakov,Russia
20494,Andreas Ivanschitz,Austria
20518,Albert Luque,Spain
20519,Juanito,Spain
20538,Alexandros Tziolis,Greece
20539,Loukas Vyntra,Greece
20540,Rubén de la Red,Spain
20542,Álvaro Negredo,Spain
20603,Stéphane Mbia,Cameroon
20669,Tiago,Portugal
20734,Sergio Akieme,Spain
20735,Miguel De la Fuente,Spain
20883,José Sosa,Argentina
21081,Juan Foyth,Argentina
21147,Borja Mayoral,Spain
21210,Mariano,Brazil
21225,Javier Sánchez,Spain
21229,Sergi Samper,Spain
21390,Andriy Lunin,Ukraine
21397,Stole Dimitrievski,"Macedonia, Republic of"
21399,Pablo Ínsua,Spain
21445,Javier Espinosa,Spain
21568,Royston Drenthe,Netherlands
21877,Nacho Monsalve,Spain
21881,Sergiño Dest,United States of America
22020,Joaquín Fernández,Spain
22029,Kevin Vázquez,Spain
22041,Marko Livaja,Croatia
22102,Adriano,Brazil
22107,Thierry Correia,Portugal
22128,Robin Le Normand,France
22129,Valery Fernández,Spain
22140,Domingos Quina,Portugal
22197,Juan Miranda,Spain
22199,Sergio Gómez,Spain
22235,Wilfrid Kaptoum,Cameroon
22287,Adrià Pedrosa,Spain
22321,Ander Barrenetxea,Spain
22332,Roberto Santamaría,Spain
22390,Francisco Trincão,Portugal
22418,Bryan Gil,Spain
22452,Ahien Muñoz,Spain
22740,Lee Kang-In,Korea (South)
22801,Roberto López,Spain
22811,Héctor Yuste,Spain
22819,Bruno Soriano,Spain
22915,Diego Lainez,Mexico
22919,Lluís López,Spain
23211,Víctor Mollejo,Spain
23212,Martín Merquelanz,Spain
23213,Enric Gallego,Spain
23218,Borja Lasso,Spain
23263,Lisandro Magallán,Argentina
23264,Paik Seung-Ho,Korea (South)
23307,Idrissa Doumbia,Côte d'Ivoire
23315,Yohan Mollo,France
23317,André Moreira,Portugal
23322,Javier Galán,Spain
23343,Wu Lei,China
23344,Aitor Fernández,Spain
23364,Sílvio,Portugal
23382,Mohamed Sissoko,Mali
23416,Stefan Šćepović,Serbia
23445,Ferro,Portugal
23451,Filipe Augusto,Brazil
23488,Mario Suárez,Spain
23492,Stiven Plaza,Ecuador
23522,Emerson Royal,Brazil
23561,Vasyl Kravets,Ukraine
23627,Jota,Portugal
23651,Ivan Obradović,Serbia
23677,Yassin Fékir,France
23747,Cristian Omar Espinoza,Argentina
23761,Lass Bangoura,Guinea
23785,Théo Bongonda Mbul'Ofeko Batombo,"Congo, (Kinshasa)"
23791,Víctor Casadesús,Spain
23792,Dani Toribio,Spain
23793,Carlos Bellvís,Spain
23795,Dani Jiménez,Spain
23796,Marco Sangalli,Spain
23799,Eddy Silvestre,Azerbaijan
23800,Laure,Spain
23802,Juan Muñoz,Spain
23803,Esteban Burgos,Argentina
23804,Jonathan Pereira,Spain
23805,Diego Caballo,Spain
23806,Álex Bergantiños,Spain
23807,Domingos Duarte,Portugal
23808,Quique,Spain
23811,Alberto Perea,Spain
23812,Rafa Mir,Spain
23815,Casto,Spain
23816,José Antonio Reyes,Spain
23821,Fausto Tienza,Spain
23825,Fidel,Spain
23833,Borja Viguera,Spain
23837,Álvaro Traver,Spain
23838,Pablo Pérez,Spain
23843,Diego Mariño,Spain
23848,Carlos Carmona,Spain
23849,Fran Villalba,Spain
23854,Juan Carlos,Spain
23855,Pape Maly Diamanka,Senegal
23865,Jérémy Perbet,France
23916,Luis García,Spain
23921,Juan Soriano,Spain
23924,Mamadou Sylla,Senegal
23929,Xisco Jiménez,Spain
23930,Ikechukwu Uche,Nigeria
23931,Fran Mérida,Spain
23933,Abdelaziz Barrada,Morocco
23934,Fali Jiménez,Spain
23936,Antonio Cotán,Spain
23940,Mikel Villanueva,Venezuela (Bolivarian Republic)
23942,Abraham Minero,Spain
23943,Rubén García,Spain
23944,Oier,Spain
23945,Iñigo Pérez,Spain
23946,Miguel Olavide,Spain
23947,Roberto Torres,Spain
23948,Carlos Clerc,Spain
23949,Unai García,Spain
23950,David García,Spain
23966,Mickaël Malsa,Martinique
23967,Álex,Spain
23970,José Mari,Spain
23971,Jairo Izquierdo,Spain
23972,José Matos,Spain
23973,Salvi,Spain
23974,Rober Correa,Spain
23975,Dejan Lekić,Serbia
23977,Edu Ramos,Spain
23978,Manu Vallejo,Spain
23981,Álvaro Tejero,Spain
23985,José Caro,Spain
23986,Aleix Febas,Spain
23987,Rey Manaj,Albania
23988,Federico Piovaccari,Italy
23991,De las Cuevas,Spain
23994,Álex Menéndez,Spain
23995,Jaime Romero,Spain
24034,Jorge Pombo,Spain
24035,Álvaro Vázquez,Spain
24037,Alberto Soro,Spain
24040,Cristian Álvarez,Argentina
24042,Javi Ros,Spain
24049,Luis Rioja,Spain
24052,Yan Eteki,Cameroon
24053,Álvaro Giménez,Spain
24055,Juan Carlos,Spain
24067,Abdón Prats,Spain
24068,Joselu,Spain
24069,Ibrahima Baldé,Senegal
24070,Saúl Berjón,Spain
24072,Salva Sevilla,Spain
24073,Sergio Tejera,Spain
24075,Bolaño,Spain
24078,Javier Muñoz,Spain
24079,Lago Junior,Côte d'Ivoire
24080,Toché,Spain
24083,Manolo Reina,Spain
24084,Martin Valjent,Slovakia
24085,Pervis Estupiñán,Ecuador
24086,Antonio Raillo,Spain
24087,Iddrisu Baba,Ghana
24088,Dani Rodríguez,Spain
24089,Joan Sastre,Spain
24091,Javi Acuña,Paraguay
24093,Luis Suárez,Colombia
24106,Jordan Lotiès,France
24126,Antonio Puertas,Spain
24127,Ramon Azeez,Nigeria
24132,Francisco Varela,Spain
24133,Víctor Díaz,Spain
24134,Germán Sánchez,Spain
24136,Fede Vico,Spain
24138,Quini,Spain
24139,Luso,Spain
24140,Rui Silva,Portugal
24141,Fede,Spain
24142,José Martínez,Spain
24143,Álvaro Vadillo,Spain
24144,Ángel Montoro,Spain
24145,Rodri,Spain
24147,Ernesto Galán,Spain
24149,Verza,Spain
24162,Xavi Torres,Spain
24165,Edgar Badía,Spain
24166,Nino,Spain
24169,Gonzalo Verdú,Spain
24172,Juan Cruz,Spain
24173,Carlos Castro,Spain
24175,Dani Calvo,Spain
24190,Javi Lara,Spain
24191,Alejandro Alfaro,Spain
24193,Chus Herrero,Spain
24194,Álex Carbonell,Spain
24211,Sergio Herrera,Spain
24212,Aridane Hernández,Spain
24234,Juan Domínguez,Spain
24236,Ander Guevara,Spain
24249,Juan Muñiz,Spain
24251,Tete Morente,Spain
24252,José Carlos Lazo,Spain
24253,José Carlos,Spain
24255,Juan Carlos,Spain
24258,Cristian Herrera,Spain
24263,Isma López,Spain
24264,Dani Hernández,Venezuela (Bolivarian Republic)
24266,Luis Pérez,Spain
24267,Uroš Račić,Serbia
24269,Marc Pedraza,Spain
24270,Filip Malbašić,Serbia
24272,Luis Milla,Spain
24273,Jorge Sáenz,Spain
24275,Miguel Palanca,Spain
24277,Vincenzo Renato Rennella,Italy
24313,Miguel Flaño,Spain
24315,Kike Barja,Spain
24318,Alberto Guitián,Spain
24322,Isaac Carcelén,Spain
24324,Adrián Ramos,Colombia
24391,Borja Galán,Spain
24453,Josip Radošević,Croatia
24504,Eugeni Valderrama,Spain
24505,Chuli,Spain
24506,Álvaro Arroyo,Spain
24507,Manu del Moral,Spain
24508,Lillo Castellano,Spain
24511,Branko Ilič,Slovenia
24517,Raúl Guti,Spain
24520,Alberto Zapater,Spain
24576,Fran Gámez,Spain
24577,Salva Ruiz,Spain
24578,Paco Montañés,Spain
24580,Jaime Gavilán,Spain
24593,Marcos Mauro,Argentina
24613,Alejandro Pozo,Spain
24614,Rafa,Spain
24616,Alfonso Espino,Uruguay
24617,Edu Campabadal,Spain
24631,Agus,Spain
24641,Dani Nieto,Spain
24681,Dani Escriche,Spain
24683,Diego Capel,Spain
24686,Roberto Canella,Spain
24704,Alberto Martín,Spain
24711,David Carmona,Spain
24712,Jon Garrido,Spain
24729,Xavi Quintillà,Spain
24730,Lucas Olaza,Uruguay
24738,Javi Díaz,Spain
24744,Juan Forlín,Argentina
24777,Waldo Rubio,Spain
24782,Jonhatan Montiel,Spain
24783,Javi Márquez,Spain
24797,Didier Domi,France
24811,Deivid,Spain
24841,Riqui Puig,Spain
24860,Héctor Rodas,Spain
24861,Andrei Ratiu,Romania
24872,Nauzet Pérez,Spain
24920,Churripi,Spain
24921,Martín Zubimendi,Spain
24948,Jordi Calavera,Spain
24949,Álex Collado,Spain
24976,Abel Ruiz,Spain
24995,Sergio Camello,Spain
25005,Álex Blanco,Spain
25006,Carles Pérez,Spain
25014,Juan Hernández,Spain
25022,Álex Martínez,Spain
25057,Álex Barrera,Spain
25061,Xisco Campos,Spain
25062,Juan Pérez,Spain
25090,Rafael Sóbis,Brazil
25104,Rodrygo,Brazil
25126,Nicolás López,Uruguay
25134,Deyverson,Brazil
25144,Diego Alves,Brazil
25145,Diego,Brazil
25199,Lucas Silva,Brazil
25254,Diego Tardelli,Brazil
25261,Pedro Geromel,Brazil
25274,Ricardo Oliveira,Brazil
25351,Alexandre Pato,Brazil
25358,Henrique,Brazil
25410,Andrés D'Alessandro,Argentina
25426,Marco Ruben,Argentina
25430,Felipe Melo,Brazil
25435,Elias,Brazil
25566,Luciano,Brazil
25591,Juan Rodríguez,Spain
25595,Miquel Parera,Spain
25598,Álvaro Fernández,Spain
25702,Carlos Neva,Spain
25704,Aarón Escandell,Spain
25706,Raúl Cámara,Spain
25707,Fran Rico,Spain
25723,Wellington Silva,Brazil
25764,Nenê,Brazil
25805,Jorge García,Spain
25824,Ángel Trujillo,Spain
25826,Juancho,Colombia
25831,Jean Marie Dongou,Cameroon
25848,César Arzo,Spain
25849,Aaron Níguez,Spain
25853,Ludovic Delporte,France
25854,Sylvinho,Brazil
25855,Paulo Wanchope,Costa Rica
25856,John Aloisi,Australia
25857,Paco Esteban,Spain
25858,Ricardo Sanzol,Spain
25859,Duda,Portugal
25860,Enrique Corrales,Spain
25861,Iñaki Muñoz,Spain
25862,Litos,Portugal
25863,Juliano Belletti,Brazil
25864,Mohamed El Yaagoubi,Morocco
25865,Josetxo,Spain
25866,Raúl Iznata,Spain
25867,César Cruchaga,Spain
25868,Fernando Sanz,Spain
25869,David López,Spain
25870,Juan Jesús Calatayud Sánchez,Spain
25871,José Izquierdo,Spain
25872,Valdo,Cape Verde
25873,Oleguer,Spain
25874,Patxi Puñal,Spain
25875,Miguel Ángel,Spain
25876,Pierre Webó,Cameroon
25877,Márcio Amoroso,Brazil
25878,Ludovic Giuly,France
25879,Ronaldinho,Brazil
25881,Juan Rodríguez,Spain
25882,Edgar Pacheco,Portugal
25883,Juanito,Spain
25884,Manu Sánchez,Spain
25885,Juanma,Spain
25886,Diego Camacho,Spain
25887,Alexis,Spain
25888,José Antonio Culebras,Spain
25889,Pablo Pinillos,Spain
25890,Jofre Mateu,Spain
25891,Juan Mora,Spain
25892,Nacho,Spain
25893,Alberto Rivera,Spain
25894,Iñaki Descarga,Spain
25895,Félix Dja Ettien,Côte d'Ivoire
25896,Damià,Spain
25897,Horacio Peralta,Uruguay
25898,Iván Díaz,Spain
25899,Gaspar Gálvez,Spain
25900,Paco Peña,Spain
25901,Raúl Valbuena,Spain
25902,Mingo,Spain
25903,Laurent Viaud,France
25904,Antonio Pacheco D'Agosti,Uruguay
25905,Santi,Spain
25906,Jaime,Spain
25907,Francisco Rodríguez,Spain
25908,Mark González,Chile
25909,Albert Celades,Spain
25910,Edmilson,Brazil
25911,Óscar González,Spain
25912,Ricardo,Spain
25913,Álvaro,Brazil
25914,Rafael Clavero,Spain
25915,Sávio,Brazil
25916,Ewerthon,Brazil
25917,César Sánchez,Spain
25918,Delio Toledo,Paraguay
25919,Gabriel Milito,Argentina
25920,José María Movilla,Spain
25921,Cani,Spain
25922,Leonardo Ponzio,Argentina
25923,Júlio Baptista,Brazil
25924,Guti,Spain
25925,Gabri,Spain
25926,Roberto Carlos,Brazil
25927,Xisco Nadal,Spain
25928,Ronaldo,Brazil
25929,Roger García,Spain
25930,Robinho,Brazil
25931,Gonzalo Rodríguez,Argentina
25932,Pablo García,Uruguay
25933,Juan Manuel Peña,Bolivia
25934,Juan Román Riquelme,Argentina
25935,Rodolfo Arruabarrena,Argentina
25936,Sebastián Viera,Uruguay
25937,Javi Venta,Spain
25938,Juan Pablo Sorín,Argentina
25939,Josico,Spain
25940,José Marí,Spain
25941,Luciano Figueroa,Argentina
25942,Kepa Blanco,Spain
25943,Luís Fabiano,Brazil
25944,Nenad Mirosavljević,Serbia
25945,Manolo Pérez,Spain
25946,Andrés Palop,Spain
25947,Fabián Estoyanoff,Uruguay
25948,Jose Martí,Spain
25949,Santiago Ezquerro,Spain
25950,Aitor Ocio,Spain
25951,Mário Silva,Portugal
25952,Ivica Dragutinovic,Serbia
25953,Armando Riveiro,Spain
25954,Enzo Maresca,Italy
25955,Jonathan Sesma,Spain
25956,David Castedo,Spain
25957,Andrés Fleurquin,Uruguay
25958,Jordi López,Spain
25959,Alejandro Varela,Spain
25960,Frédéric Kanouté,Mali
25961,Ramón de Quintana,Spain
25962,Javier Saviola,Argentina
25963,José de la Cuesta,Colombia
25964,Matías Pavoni,Argentina
25965,Roberto Suárez,Spain
25966,Oli,Spain
25967,Enrique Ortiz,Spain
25968,Javi Guerrero,Spain
25969,Sergio,Spain
25970,Rubén Navarro,Spain
25971,Esteban,Spain
25972,Élton Giovanni,Brazil
25973,Matías Lequi,Argentina
25974,Franco Costanzo,Argentina
25975,Blagoy Georgiev,Bulgaria
25976,Diego Placente,Argentina
25977,Jandro,Spain
25978,Iriney Santos,Brazil
25979,Edu Alonso,Spain
25980,Fabián Canobbio,Uruguay
25981,Santiago Carpintero,Spain
25982,Antonio Núñez,Spain
25983,Josu Sarriegi,Spain
25984,Ángel López,Spain
25985,David Coromina,Spain
25986,Borja Oubiña,Spain
25987,Rodolfo Bodipo,Equatorial Guinea
25988,Fernando Baiano,Brazil
25989,Tuni,Spain
25990,Alejandro Campano,Spain
25991,Eduardo Tuzzio,Argentina
25992,José Nunes,Portugal
25993,Yoshito Ōkubo,Japan
25994,David Cortés,Spain
25995,Juan Arango,Venezuela (Bolivarian Republic)
25996,Cristiano Doni,Italy
25997,Jonás Gutiérrez,Argentina
25998,Javier Farinós,Spain
25999,Jonathan Aspas,Spain
26000,Héctor Font,Spain
26001,Jesús Perera,Spain
26002,Javad Nekounam,"Iran, Islamic Republic of"
26003,Gustavo López,Argentina
26004,Carlos Cuéllar,Spain
26005,José Manuel Pinto,Spain
26006,Javi Flaño,Spain
26007,Pablo Contreras,Chile
26008,George Lucas,Brazil
26009,Roberto Soldado,Spain
26010,Hugo Viana,Portugal
26011,Miguel Angulo,Spain
26012,David Navarro,Spain
26013,Antonio Puerta,Spain
26014,Edu Gaspar,Brazil
26015,Renato,Brazil
26016,Roberto Ayala,Argentina
26017,Javi Navarro,Spain
26018,Julien Escudé,France
26019,Emerson,Brazil
26020,Ángel Lafita,Spain
26021,Mahamadou Diarra,Mali
26022,Carlos Diogo,Uruguay
26023,Juanfran,Spain
26024,Pablo Aimar,Argentina
26025,Jorge López,Spain
26026,Miguel Pallardó,Spain
26027,Gaizka Bergara,Spain
26028,Fernando Amorebieta,Venezuela (Bolivarian Republic)
26029,Dani Aranzubia,Spain
26030,Murillo García,Spain
26031,Andoni Iraola,Spain
26032,Unai Expósito,Spain
26033,Javier Casas,Spain
26034,Igor Gabilondo,Spain
26035,Fran Yeste,Spain
26036,Fernando Gago,Argentina
26037,Carlos Merino,Spain
26038,Tobias Grahn,Sweden
26039,Antonio Pinilla,Spain
26040,Aníbal Matellán,Argentina
26041,Rubén Pérez,Spain
26042,José Calvo,Argentina
26043,David Generelo,Spain
26044,César Navas,Spain
26045,David Cuéllar,Spain
26046,Marco Ortega,Spain
26047,Ángel Morales,Spain
26048,Sebastien Chabaud,France
26049,Irurzun,Spain
26050,Javi Portillo,Spain
26053,Ángel Vivar Dorado,Spain
26054,Gheorghe Craioveanu,Romania
26055,Riki,Spain
26056,David Cubillo,Spain
26057,Mariano Pernía,Spain
26058,David Belenguer,Spain
26059,Luis García,Spain
26060,Diego Rivas,Spain
26061,Mario Cotelo,Spain
26062,Rubén Pulido,Spain
26064,Antonio Tomás,Spain
26065,David Aganzo,Spain
26066,Juanjo Expósito,Spain
26067,Oriol Lozano,Spain
26068,Rubén González,Spain
26069,Luis Fernández,Spain
26070,Toño,Spain
26071,Vitolo,Spain
26072,Cristian Álvarez,Argentina
26073,Gonzalo Colsa,Spain
26074,Nikola Žigić,Serbia
26075,Cheli,Spain
26076,Dani Bautista,Spain
26077,Jesús Vázquez,Spain
26078,Aitor Tornavaca,Spain
26079,Javier López Vallejo,Spain
26080,Rafa Barber,Spain
26081,Mario Abrante,Spain
26082,Juan Merino,Spain
26083,Florent Sinama-Pongolle,France
26084,Iñaki Lafuente,Spain
26085,Luis Prieto,Spain
26086,Pablo Orbaiz,Spain
26087,Carlos Gurpegi,Spain
26088,Jesús Lacruz,Spain
26100,Ustaritz,Spain
26101,Joseba Garmendia,Spain
26102,Coro,Spain
26103,Carlos Kameni,Cameroon
26104,Frédson,Brazil
26105,Iván de la Peña,Spain
26106,Armando Sa,Mozambique
26107,Alberto Lopo,Spain
26108,Eduardo Costa,Brazil
26109,Raúl Tamudo,Spain
26110,Dani Jarque,Spain
26115,Luis Cuartero,Spain
26116,José García Calvo,Spain
26117,Pablo Ibáñez,Spain
26118,Antonio López,Spain
26119,Leo Franco,Argentina
26120,Luis Perea,Colombia
26121,Ariel Ibagaza,Spain
26122,Luciano Galletti,Argentina
26123,Peter Luccin,France
26124,Maxi Rodríguez,Argentina
26126,Daniel N'Gom Kome,Cameroon
26127,Asen,Spain
26128,Yordi Gonzalez,Spain
26129,Javier Sánchez Broto,Spain
26130,José Manuel Yanguas,Spain
26131,Nano,Spain
26135,Alex Fernandez,Spain
26136,Mauricio Pochettino,Argentina
26137,Óscar Serrano,Spain
26138,David García,Spain
26139,Ito,Spain
26140,Hugo Ibarra,Argentina
26143,Hoalid Regragui,Morocco
26144,Javier Casquero,Spain
26145,Neru,Spain
26146,Dudú Aouate,Israel
26147,Ayoze Díaz,Spain
26148,José Moratón,Spain
26149,Stéphane Dalmat,France
26158,Jonatan Soriano Casas,Spain
26159,Albert Riera,Spain
26160,Ángel Martínez,Spain
26161,Clemente Rodríguez,Argentina
26162,Moisés Hurtado,Spain
26163,Marc Torrejón,Spain
26166,Milan Smiljanić,Serbia
26167,Francisco Rufete,Spain
26168,Iago Bouzón,Spain
26169,Javier Camuñas,Spain
26170,Javi Chica,Spain
26171,Carlos Martins,Portugal
26172,Poli,Spain
26173,Edu Moya,Spain
26174,Quique Álvarez,Spain
26175,Saúl,Spain
26176,Gabriel Heinze,Argentina
26177,José Serrano,Spain
26178,Laurent Courtois,France
26179,Mathieu Berson,France
26180,Vladan Kujović,Serbia
26181,Riga Mustapha,Netherlands
26182,Álex Geijo,Spain
26184,Óscar Sánchez,Spain
26185,Víctor,Spain
26186,Bartholomew Owogbalor Ogbeche,Nigeria
26187,Alberto López,Spain
26188,Alberto Marcos,Spain
26189,Sisi,Spain
26190,Álvaro Rubio,Spain
26191,Joseba Llorente,Spain
26192,Matías Fernández,Chile
26193,Cléber Santana,Brazil
26194,Pascal Cygan,France
26195,Juan Valera,Spain
26196,Fabricio Fuentes,Argentina
26197,Christian Abbiati,Italy
26198,Guillermo Franco,Mexico
26199,Diego Forlán,Uruguay
26200,Héctor Berenguel,Spain
26201,Fernando Varela,Spain
26206,Sergio,Spain
26207,Fabricio Coloccini,Argentina
26208,Marco Storari,Italy
26209,Manuel Pablo,Spain
26210,Christian Riganò,Italy
26211,Joan Verdú,Spain
26212,Cristian Hidalgo,Spain
26213,Bruno Cirillo,Italy
26214,Julián de Guzmán,Canada
26215,Francisco Pavón,Spain
26216,Sebastián Taborda,Uruguay
26217,Javier Arizmendi,Spain
26218,Piscu,Spain
26219,Timo Hildebrand,Germany
26220,Matuzalém,Brazil
26221,Gustavo Munúa,Uruguay
26222,Zé Castro,Portugal
26223,Marco Caneira,Portugal
26224,Hélder Rosario,Portugal
26225,Iñaki Goitia,Spain
26226,José Javier Barkero,Spain
26227,Mate Bilić,Croatia
26228,Juan Pablo,Spain
26229,Carmelo González,Spain
26230,César Palacios,Spain
26231,Juanra,Spain
26232,Ibán Cuadrado,Spain
26233,Manolo Gaspar,Spain
26234,Apoño,Spain
26235,Mario Martínez,Spain
26236,Gorka Brit,Spain
26237,Andreu Guerao,Spain
26238,Domingo Cisma,Spain
26239,Juan Moreno,Spain
26240,Tati Maldonado,Spain
26241,Sergio Boris,Spain
26242,Román Martínez,Argentina
26243,Iván Alonso,Uruguay
26244,Rafael Sastre,Spain
26245,Sergio Sánchez,Spain
26246,Salva Ballesta,Spain
26247,Txomin Nagore,Spain
26248,David Barral,Spain
26249,Fernando Fernández,Spain
26250,Gerard Autet,Spain
26251,Adriano Martins,Brazil
26252,Diego Castro,Spain
26253,Kike Mateo,Spain
26254,Lolo,Spain
26255,Sergio Matabuena,Spain
26256,Igor Lichnovsky,Chile
26257,Dorlan Pabón,Colombia
26288,Jonathan Rodríguez,Uruguay
26387,Edgar Méndez,Spain
26391,Luis García,Spain
26392,Fabiano Eler,Brazil
26393,Felipe Guréndez,Spain
26394,Javier Del Pino,Spain
26395,Álvaro Antón,Spain
26396,Hedwiges Maduro,Netherlands
26397,Renan,Brazil
26398,Asier del Horno,Spain
26399,Emilio Viqueira,Spain
26404,Guido Rodríguez,Argentina
26409,Rodrí,Spain
26410,Ronny Gaspercic,Belgium
26411,Óscar Montiel,Spain
26412,Pablo Redondo,Spain
26413,David Sánchez,Spain
26414,Gustavo Siviero,Argentina
26415,Mikel Aguirregomezkorta,Spain
26416,Alessio Tacchinardi,Italy
26417,Lionel Scaloni,Argentina
26418,José Enrique,Spain
26419,Javier Balboa,International
26422,Gustavo Reggi,Argentina
26423,Sergio Pachón,Spain
26424,Sylvain N'Diayé,Senegal
26425,Juan Albín,Uruguay
26426,Luis Rubiales,Spain
26427,Roberto Abbondanzieri,Argentina
26428,Olivier Kapo,France
26429,Javier Paredes,Spain
26430,Damiano Tommasi,Italy
26431,Aitor López Rekarte,Spain
26432,Corona,Spain
26433,José Ortiz,Spain
26434,Santiago Acasiete,Peru
26435,Fernando Soriano,Spain
26436,Mané,Spain
26437,Albert Crusat,Spain
26438,David Cobeño,Spain
26439,Carlos García,Spain
26440,Juanma Ortiz,Spain
26441,Dani Estrada,Spain
26442,Boško Janković,Serbia
26443,Iñigo Díaz de Cerio,Spain
26444,Sergio Ballesteros,Spain
26445,Víctor López,Argentina
26446,Guillermo Pereyra,Argentina
26447,Gaizka Garitano,Spain
26448,Javier Garrido,Spain
26449,Mikel Aranburu,Spain
26450,Robert,Brazil
26451,Marcos Assunção,Brazil
26452,Pedro Contreras,Spain
26453,Melli,Spain
26454,Capi,Spain
26455,Isidoro,Spain
26456,Edu,Brazil
26457,Anderson Silva,Brazil
26458,Richard Morales,Uruguay
26459,Vicente Valcarce,Spain
26460,Francesc Arnau,Spain
26461,Pablo Couñago,Spain
26462,Gerardo,Spain
26463,Jônatas,Brazil
26464,Arzu,Spain
26465,Juande,Spain
26466,Mariano Pavone,Argentina
26467,Leandro Somoza,Argentina
26468,Lima,Brazil
26469,Marko Babić,Croatia
26477,Ion Vélez,Spain
26478,Tiko,Spain
26479,Koikili,Spain
26480,Romaric,Côte d'Ivoire
26481,Sébastien Squillaci,France
26482,Aquivaldo Mosquera,Colombia
26483,Tom De Mul,Belgium
26484,Toni Doblas,Spain
26485,Dani,Spain
26486,Oscar López,Spain
26487,Pablo Álvarez,Spain
26488,Fabio Coltorti,Switzerland
26489,Aldo Duscher,Argentina
26490,Mohamed Tchité,Belgium
26491,Iván Bolado,International
26492,Juanma,Spain
26493,Mista,Spain
26494,Hernán Pellerano,Argentina
26495,Kalu Uche,Nigeria
26496,Cata Díaz,Argentina
26497,Lucas Licht,Argentina
26498,David Sousa,Spain
26499,Gustavo Nery,Brazil
26500,Aitor Ramos,Spain
26501,José Zahinos,Spain
26502,Paulo Assunção,Brazil
26503,Abel Gómez,Spain
26504,Rosinei,Brazil
26505,Richi,Spain
26506,José Manuel Rueda,Spain
26507,Fali Romero,Spain
26508,Dani Aquino,Spain
26509,Stéphane Pignol,France
26510,David de Coz,Spain
26511,Enrique de Lucas,Spain
26512,Álvaro Mejía,Spain
26513,Juan Ochoa,Spain
26514,Alejandro Marañón,Spain
26515,Íñigo Vélez,Spain
26516,Wálter Pandiani,Uruguay
26517,Martín Astudillo,Argentina
26518,Kike Sola,Spain
26521,Juan Quero,Spain
26522,Carlos Aranda,Spain
26523,Dimas Delgado,Spain
26524,Sergio Ortega,Spain
26525,Asier Goiria,Spain
26532,Renan Lodi,Brazil
26547,Fabián Monzón,Argentina
26548,Fernando Vega,Spain
26549,Achille Emaná,Cameroon
26553,Mamadou Koné,Côte d'Ivoire
26573,Íñigo López,Spain
26589,Nélson Augusto Tomar Marcos,Portugal
26594,Antonio Hidalgo,Spain
26597,László Sepsi,Romania
26598,Toni Moral,Spain
26599,Nivaldo,Brazil
26600,Pelé,Portugal
26601,Justo Villar,Paraguay
26602,Carlos Lázaro,Spain
26603,Óscar Sielva,Spain
26604,Matías Gustavo Alustiza,Argentina
26605,Ben Sahar,Israel
26606,Vicente Moreno,Spain
26607,Raúl Baena,Spain
26608,Carlos Calvo,Spain
26609,Daniel Osvaldo,Italy
26610,Leandro Gioda,Argentina
26611,Emiliano Armenteros,Argentina
26612,José Manuel Casado,Spain
26613,Maxwell,Brazil
26614,David Prieto,Spain
26615,Francis,Spain
26616,Sidi Keita,Mali
26617,Mario Bermejo,Spain
26619,Gaizka Toquero,Spain
26620,Jorge Gonçalves,Portugal
26621,Sebastián Eguren,Uruguay
26622,Juca,Brazil
26623,Diego Colotto,Argentina
26624,Jeffrén,Venezuela (Bolivarian Republic)
26625,Dinei,Brazil
26626,Ricardo León,Spain
26627,Sergio Aragoneses,Spain
26628,Ayoze,Spain
26629,Mikel Alonso,Spain
26630,Pablo Sicilia,Spain
26631,Ezequiel Luna,Argentina
26632,Juanlu Hens,Spain
26633,Alberto Lora,Spain
26634,Iván Pérez,Spain
26635,Luis Morán,Spain
26636,Lassad Nouioui,Tunisia
26637,Cristian Portilla,Spain
26638,Alberto Botía Rabasco,Spain
26639,Grégory Arnolin,Martinique
26640,Ersen Martin,Turkey
26641,Kanga Akalé,Côte d'Ivoire
26642,Nasief Morris,South Africa
26643,Sebastián Nayar,Argentina
26644,Andrés Lamas,Uruguay
26645,Ángel Dealbert,Spain
26646,Alejandro Domínguez,Argentina
26647,Henok Goitom,
26648,Modeste M'bami,Cameroon
26649,Jermaine Pennant,England
26650,Guilherme Santos,Brazil
26651,Hernán Bernardello,Argentina
26652,Adrián Colunga,Spain
26653,Chico Flores,Spain
26654,Matteo Contini,Italy
26655,J. Jarošík,Czech Republic
26656,Humberto Suazo,Chile
26657,Pedro Ríos,Spain
26658,Óscar Ustari,Argentina
26659,Roberto Fernández,Spain
26660,Krisztián Vadócz,Hungary
26661,Iván Hernández,Spain
26662,Natalio,Spain
26663,Julio Álvarez,Venezuela (Bolivarian Republic)
26664,Luisma,Spain
26665,Manuel Arana,Spain
26666,Isaías,Australia
26667,Raúl Rodríguez,Spain
26668,Javi Calleja,Spain
26669,Weligton,Brazil
26670,Nabil Baha,Morocco
26671,Michaël Pereira,France
26672,Martí Crespí,Spain
26673,Kevin Martín García Martínez,Spain
26674,Edson Ratinho,Brazil
26675,João Victor,Brazil
26676,Fernando Cavenaghi,Argentina
26677,Álvaro Domínguez,Spain
26678,Victor Obinna Nsofor,Nigeria
26679,Manu Torres,Spain
26680,Milan Stepanov,Serbia
26681,Marius Stankevičius,Lithuania
26682,Didier Zokora,Côte d'Ivoire
26683,Abdoulay Konko,France
26684,Derek Boateng,Ghana
26685,Miku Fedor,Venezuela (Bolivarian Republic)
26686,Jordi Codina,Spain
26687,Héctor Sánchez,Spain
26688,Manolo Martínez,Spain
26689,Nauzet Alemán,Spain
26690,Manucho Gonçalves,Angola
26691,Jacobo Sanz,Spain
26692,Henrique Sereno,Portugal
26693,Javier Baraja,Spain
26694,José Carlos,Spain
26695,Marc Valiente,Spain
26696,Arouna Koné,Côte d'Ivoire
26697,David Fuster,Spain
26698,Nilmar,Brazil
26699,Emmanuel Adebayor,Togo
26700,Diego Ifrán,Uruguay
26701,Vadim Demidov,Norway
26702,Nacho Novo,Spain
26703,André Castro,Portugal
26704,Alhassane Keita,Guinea
26705,Josemi,Spain
26706,Steve Franck Songo'o,Cameroon
26707,Juan Pablo Carrizo,Argentina
26708,Pablo Amo,Spain
26709,Miguel Ángel Nieto,Spain
26710,Jorge Galán,Spain
26711,Rúper,Spain
26712,Kaká,Brazil
26713,Saïd Boutahar,Netherlands
26714,Marco Pérez,Colombia
26715,Maurizio Lanzaro,Italy
26716,Braulio Nóbrega,Spain
26717,MacDonald Mariga Wanyama,Kenya
26720,Antoñito,Spain
26721,Joan Oriol,Spain
26722,Pablo Pintos,Uruguay
26723,Álvaro Cejudo,Spain
26724,Gorka Larrea,Spain
26725,Damián Escudero,Argentina
26726,Iñaki Bea,Spain
26727,Marcos Aguirre,Argentina
26728,Tino Costa,Argentina
26729,Jesús Dátolo,Argentina
26730,Quincy Owusu-Abeyie,Ghana
26731,Patrick Mtiliga,Denmark
26732,Knut Olav Rindarøy,Norway
26733,Yves Desmarets,Haiti
26735,Akihiro Ienaga,Japan
26736,Borja Ekiza,Spain
26737,Pau Cendrós,Spain
26743,Ariel Gerardo Nahuelpán Osten,Argentina
26744,Tote,Spain
26745,Sendoa Aguirre Basterretxea,Spain
26746,Kennedy,Sweden
26747,Noé Elias Pamarot,France
26748,Nelson Valdez,Paraguay
26749,Abraham Paz,Spain
26750,Tiago Gomes,Portugal
26751,Matías Fritzler,Argentina
26752,Mouhamadou Dabo,France
26753,Javi Varas,Spain
26754,Edu Bedia,Spain
26756,Julián Luque,Spain
26757,Mohamed Sarr,Senegal
26758,Felipe Mattioni,Brazil
26760,Guirane N'Daw,Senegal
26761,Paulo da Silva,Paraguay
26762,Nicolás Bertolo,Argentina
26763,Jeffrey Sarpong,Netherlands
26764,Jon Ansotegi Gorostola,Spain
26765,José Manuel Catalá,Spain
26766,Fabián Vargas,Colombia
26775,Thievy Bifouma,Congo (Brazzaville)
26776,Isaac Cuenca,Spain
26777,Gianni Zuiverloon,Netherlands
26779,Dani Benítez,Spain
26780,Guilherme Siqueira,Brazil
26781,Diego Maínz,Spain
26782,Nono Delgado,Spain
26783,Roque Santa Cruz,Paraguay
26784,Paulão,Brazil
26785,Cristian Gómez,Spain
26786,Mario Fernández,Spain
26787,Marcos Gullón,Spain
26788,Jon Aurtenetxe,Spain
26789,Pablo Cáceres,Uruguay
26790,Piotr Trochowski,Germany
26791,Emir Spahić,Bosnia and Herzegovina
26794,Javier Matilla,Spain
26796,Pablo Barrera,Mexico
26797,Piti,Spain
26798,David Mateos,Spain
26799,Rafa García,Spain
26800,Mikel Labaka,Spain
26801,Jordi Figueras,Spain
26802,Míchel,Spain
26803,Pedro Botelho,Brazil
26804,Michu,Spain
26805,Rubén Suárez,Spain
26806,Sebastián Fernández,Uruguay
26807,Marc Bertrán,Spain
26808,Gonzalo Castellani,Argentina
26809,Diego Buonanotte,Argentina
26815,Tsepo Peter Masilela,South Africa
26837,Pablo Sebastián Valeira Álvarez,Argentina
26842,Rovérsio,Brazil
26843,Juanlu,Spain
26844,Abdelkader Mohamed Ghezzal,Algeria
26846,Diego Benito,Spain
26847,Aitor Núñez,Spain
26848,Roberto Trashorras,Spain
26849,Júlio César,Brazil
26850,Franco Jara,Argentina
26851,Borja Gómez,Spain
26941,Javi Noblejas,Spain
27052,Levy Madinda,Gabon
27053,Alexandre Dimitri Song-Billong,Cameroon
27054,Roberto Lago,Spain
27055,Park Chu-Young,Korea (South)
27056,Natxo Insa,Malaysia
27088,Nano Macedo,Spain
27089,Raoul Loé,Cameroon
27091,Jorge Sammir Cruz Campos,Croatia
27092,Abdoul Karim Yoda,France
27109,Youssef El-Arabi,Morocco
27110,Antonio Floro Flores,Italy
27111,Beto,Portugal
27112,Baba Diawara,Senegal
27113,Michael Essien,Ghana
27119,Cicinho,Brazil
27120,Nicki Bille Nielsen,Denmark
27121,Andrija Delibašić,Montenegro
27122,Simão,Mozambique
27123,Jordi Xumetra,Spain
27124,Sérgio Pinto,Portugal
27142,Christian Lell,Germany
27143,Obafemi Martins,Nigeria
27144,Antonio Amaya,Spain
27145,Nosa Igiebor,Nigeria
27146,Aly Cissokho,France
27147,Manu Lanzarote,Spain
27148,Abraham González,Spain
27153,Javier Aquino,Mexico
27154,Nikolaos Karabelas,Greece
27155,Bojan Jokić,Slovenia
27179,Fredy Hinestroza,Colombia
27181,Pedro Morales,Chile
27182,Flávio Ferreira,Portugal
27183,Pablo Pérez,Argentina
27184,Marcos Angeleri,Argentina
27189,Bryan Rabello,Chile
27190,Joaquín Larrivey,Argentina
27191,Diogo Salomão,Portugal
27193,Isi Gómez,Spain
27194,Toni,Spain
27195,Stefan Babović,Serbia
27196,Jonathan Vila,Spain
27197,Lucas Wílchez,Argentina
27198,Andres Tunez,Venezuela (Bolivarian Republic)
27199,Raúl Goni,Spain
27200,Álex López,Spain
27201,Víctor Pérez,Spain
27202,Guillermo Sara,Argentina
27203,Markus Steinhöfer,Germany
27204,Álex Felip,Spain
27205,Christian Alfonso,Spain
27206,Sergio Pelegrín,Spain
27207,Manu Herrera,Spain
27236,Patrick Ekeng,Cameroon
27237,Adrián Gunino,Uruguay
27238,Edimar Fraga,Brazil
27239,Aleksandar Pantić,Serbia
27240,Jesús Fernández,Spain
27241,Víctor Álvarez,Spain
27242,Manuel Onwu,Spain
27243,Oriol Riera,Spain
27244,Francisco Silva,Chile
27245,Edu Albácar,Spain
27246,Sebastián Dubarbier,Argentina
27247,Marcos Tébar,Spain
27248,López Silva,Spain
27249,Fausto Rossi,Italy
27250,Nabil Ghilas,Algeria
27251,Nili,Spain
27252,Christian Bravo,Chile
27305,Germán Lux,Argentina
27311,Valdet Skënder Rama,Albania
27312,Jesús Rueda,Spain
27313,Carlos Peña,Spain
27317,Eduardo Vargas,Chile
27318,Douglas Pereira,Brazil
27335,Arthur Boka,Côte d'Ivoire
27337,Braian Rodríguez,Uruguay
27338,Lorenzo Reyes,Chile
27339,Cedric Mabwati Gerard,"Congo, (Kinshasa)"
27340,Dejan Dražić,Serbia
27341,Marcelo Díaz,Chile
27342,Josep Señé,Spain
27343,Jon Errasti,Spain
27345,Didier Digard,France
27346,Petros,Brazil
27347,Juan Manuel Vargas,Peru
27348,Ricky van Wolfswinkel,Netherlands
27349,Heiko Westermann,Germany
27396,Jorge Morcillo,Spain
27401,Bernard Mensah,Ghana
27402,Álvaro Pereira,Uruguay
27403,Santiago Vergini,Argentina
27456,Anderson Conceição,Brazil
27457,Manu Fernández,Spain
27458,Jonathan Zongo,Burkina Faso
27459,Antonio Marín,Spain
27460,Julián Cuesta,Spain
27461,Fran Vélez,Spain
27462,Xabi Irureta,Spain
27463,Mauricio Cuero,Colombia
27464,José Ángel,Spain
27477,Helibelton Palacios,Colombia
27480,Lucas Orbán,Argentina
27481,Tropi,Spain
27482,Aderllan Santos,Brazil
27483,Benoît Trémoulinas,France
27515,Marco Torsiglieri,Argentina
27516,Rafita,Spain
27517,Jaime Jiménez,Spain
27521,Emmanuel Culio,Argentina
27522,Antolín Alcaraz,Paraguay
27526,Rachid Aït-Atmane,Algeria
27558,Elderson Uwa Echiejile,Nigeria
27563,Aitor Buñuel,Spain
27564,Jhon Stiven Mondragón Dosman,Colombia
27565,Hélder Lopes,Portugal
27566,Cayetano Bartolomé Bonnín Vásquez,Dominican Republic
27567,Mateo García,Argentina
27639,Artem Kravets,Ukraine
27656,Carl Medjani,Algeria
27970,Ian González,Spain
28194,Dragan Rosić,Serbia
28266,Rafael Santos Borré Amaury,Colombia
28589,Ante Palaversa,Croatia
28658,Augusto Solari,Argentina
28699,Leonel Galeano,Argentina
29198,Jeremías Ledesma,Argentina
29256,Matheus Fernandes,Brazil
29310,Shon Zalman Weissman,Israel
29342,Ivo Grbić,Croatia
30054,Pepelu,Spain
30081,Nehuén Pérez,Argentina
30225,Oihan Sancet,Spain
30277,Jon Moncayola,Spain
30294,Gabriel Fernández,Uruguay
30370,Jens Jønsson,Denmark
30419,Tachi Rodríguez,Spain
30420,Víctor Campuzano,Spain
30421,Matías Vargas,Argentina
30427,Pablo Clavería,Spain
30429,Hugo Fraile,Spain
30433,Óscar Pinchi,Spain
30454,Curro Sánchez,Spain
30468,Iñigo Vicente,Spain
30476,Borja López,Spain
30483,Jaime Seoane,Spain
30486,Pedri,Spain
30492,Son,Spain
30512,Aleksandar Trajkovski,"Macedonia, Republic of"
30518,Dani Martín,Spain
30519,Mohamed Salisu,Ghana
30593,Dani Gómez,Spain
30594,Adrián Ortolá,Spain
30715,Gaizka Larrazabal,Spain
30756,Ansu Fati,Spain
30760,Borja Sainz,Spain
30798,Javier Avilés,Spain
30991,Daniel Larsson,Sweden
31090,Takefusa Kubo,Japan
31235,Maranhão,Brazil
31467,Eneko Capilla,Spain
31469,Sito,Spain
31478,Balázs Megyeri,Hungary
31615,Rubén Yáñez,Spain
31779,Tomas Tavares,Portugal
31789,João Costa,Portugal
31793,David Gil,Spain
31885,Pol Lozano,Spain
31904,Giedrius Arlauskis,Lithuania
31914,Omobolaji Adekanye,Netherlands
31931,Christian Oliva,Uruguay
32185,Álex Remiro,Spain
32480,Ronald Araújo,Uruguay
32670,Víctor Gómez,Spain
32673,Jorge De Frutos,Spain
32815,Sergio Bermejo,Spain
32953,Asier Villalibre,Spain
33079,Edgar González,Spain
33146,José Mena,Spain
33164,Vicente Esquerdo,Spain
33307,Genaro Rodríguez,Spain
33339,Manu Sánchez,Spain
33467,Michael Jakobsen,Denmark
33804,Juan Pablo Caffa,Argentina
34323,Luismi Sánchez,Spain
34390,Jerzy Dudek,Poland
34515,Fernando Niño,Spain
34532,Ivan Šaponjić,Serbia
34694,Èric Montes,Spain
34728,Diego Alende,Spain
35000,José Fontán,Spain
35287,Soufiane Chakla,Morocco
35404,Jokin Ezkieta,Spain
35473,Unai Vencedor,Spain
35641,Hugo Guillamón,Spain
36288,Facundo Pellistri,Uruguay
36900,Cristian Rivero,Spain
37006,Pablo Lombo,Spain
37212,Leandro Damião,Brazil
37236,Aritz Castro,Spain
37237,Iñaki Peña,Spain
37892,Carlos Marín,Spain
37976,Cristian Maidana,Argentina
38251,Dani Cárdenas,Spain
38524,Hiroshi Kiyotake,Japan
38792,Yunus Dimoara Musah,United States of America
38832,Luis López,Spain
39073,Ilaix Moriba,Guinea
39083,Guillem Molina,Spain
39159,Arnau Tenas,Spain
39164,Koba Lein Koindredi,France
39469,Konrad De la Fuente,United States of America
39598,Miguel Baeza,Spain
40114,Javi Martínez,Spain
40115,Aimar Oroz,Spain
40117,Carlos González,Spain
40778,David Concha,Spain
40802,Markel Areitio,Spain
40822,Dani Ndi,Cameroon
40827,Albert Jorquera,Spain
40864,Ander Bardaji,Spain
40881,Kike Pérez,Spain
40890,Iván Villar,Spain
40915,Asdrúbal Padrón,Spain
41083,Rodri,Spain
41091,Jon Gaztañaga,Spain
41106,Jony Carmona,Spain
41107,Sabit Abdulai,Ghana
41115,Álex Baena,Spain
41116,Jacobo González,Spain
41122,Monchu,Spain
41123,Paulino de la Fuente,Spain
41124,Javi López,Spain
41125,Abdallahi Mohamed Mahmoud,Mauritania
41126,Samuel Pérez,Spain
41153,Diego Altube,Spain
41176,Juan Flere,Argentina
41202,Giorgi Kochorashvili,Georgia
41291,Iván Amores,Spain
41407,Chumi,Spain
41408,Kike Saverio,Ecuador
41409,Pablo Pérez,Spain
41456,Nico Melamed,Spain
41471,José Hualde,Spain
41542,Dani Vivian,Spain
41543,Jorge Cuenca,Spain
41573,Iñaki Álvarez,Spain
41603,Dani Villahermosa,Spain
41610,Víctor García,Spain
41641,Dani Morer,Spain
41650,Gerard Barri,Spain
41687,Unai Etxebarría,Spain
41724,Xabi Castillo,Spain
41725,Pablo Alcolea,Spain
41726,Humberto Osorio,Colombia
41732,Ricard Sánchez,Spain
41733,Álvaro García,Spain
41859,Lluis Andreu,Spain
42275,Iván Martín,Spain
42282,Paul Edgar Akouokou,Côte d'Ivoire
42283,Álex Pachón,Spain
42907,Iago Domínguez,Spain
43354,Zhang Chengdong,China
43728,Óscar Mingueza,Spain
46465,José Carrillo,Spain
47226,Jon Morcillo,Spain
47340,José Jurado,Spain
47344,Álex Martín,Spain
47372,Oriol Rey,Spain
47373,Kuki,Spain
47375,Robert Navarro,Spain
47445,Miguel Rodríguez,Spain
47447,Gabri Veiga,Spain
47490,Rubén Miño,Spain
47611,Dani Rebollo,Spain
48643,Raúl Blanco,Spain
48647,Urko González,Spain
49301,Santi Ramos Mingo,Argentina
49302,Lanchi,Spain
49433,Hachim Mastour,Morocco
49531,Sergio Carreira,Spain
50494,Yeremi Pino,Spain
50547,Antonio Perera,Spain
50912,Arnau Fàbrega,Spain
51205,Gaizka Ayesa,Spain
51259,Héldon Augusto Almeida Ramos,Cape Verde
51824,Pepe Sánchez,Spain
52108,Iván Martínez,Spain
52181,Sergio Barcia,Spain
65900,Unai Marrero,Spain
67040,John Nwankwo,Spain
71519,Juan Iglesias,Spain
75537,David Goldar,Spain
75546,Carlos Domínguez,Spain
75584,Mamor Niang,Spain
76375,Jorge Mediavilla,Spain
79498,Amankwaa Akurugu,Ghana
79615,Néstor Díaz,Spain
82674,Abdelkabir Abqar,Morocco
93981,Piet Velthuizen,Netherlands
97291,Patrick Gilmar Sequeira Mejías,Costa Rica
105323,Fran Álvarez,Spain
105324,Moha,Spain
105762,Josete Miranda,Equatorial Guinea
114272,Alejandro Cantero Sánchez,Spain
117025,Hugo Sotelo,Spain
133626,Mikel Saizar,Spain
133637,Asier Etxaburu,Spain
147331,Marc Crosas,Spain
147332,Ismael Falcón,Spain
147333,Javi López,Spain
147334,Chema Giménez,Spain
147335,Juan Luis Fernández Redondo,Spain
147336,Michel,Spain
148129,Alberto Manuel Domínguez Rivas,Spain
158769,Ivan Kelava,Croatia
161997,Endika Bordas,Spain
161998,Mikel Dañobeitia Martín,Spain
166764,Ander Gayoso,Spain
169765,De la Calzada,Spain
186264,Foued Kadir,Algeria
197490,David Gómez Vázquez,Spain
197491,Ibrahim Diallo,Mali
197492,Pablo Íñiguez,Spain
197493,Mikel Arruabarrena,Spain
197526,Álex Campos,Spain
197559,Dani Lorenzo,Spain
197560,Dennis Díaz Fernánadez,Spain
197561,Julen López,Spain
197562,Iñigo Barrenetxea,Spain
197595,Sergio Mendigutxia Iglesias,Spain
206604,Imanol Corral Matellán,Spain
219317,Samuel Villa Rodríguez,Spain
220761,Miguel Muñoz,Spain
282513,Javi Jiménez,Spain
297223,Cezary Stefan Wilk,Poland
297256,Pedro Astray,Spain
297257,Jonathan López,Spain
297290,Eñaut Zubikarai Goñi,Spain
347421,Bertrand Laquait,France
347422,Zé Maria,Brazil
347423,Juan Tejera,Spain
347424,Frédéric Fabian William Dehu,France
349946,Hodei Oleaga,Spain
351523,Kris Stadsgaard,Denmark
351524,Gastón Maximiliano Sangoy,Argentina
351525,Kevin Lacruz,Spain
389354,Pablo Alfaro,Spain
392553,Armando Lozano Sánchez,Spain
392554,Xisco Muñoz,Spain
392555,Héctor Fabián Carini Hernández,Uruguay
392556,Pablo de Barros Paulino,Brazil
392557,Pere Martí,Spain
402733,Jose Maria Añibarro Astondoa,Spain
